ip,hostname
1.1.81.9,
1.119.151.86,cowinlaw.cn.151.119.1.in-addr.arpa
1.116.33.253,163offer.com
1.1.68.50,actus.co.jp
1.13.0.70,njzf3.amail.com.cn
1.13.0.46,njzf2.amail.com.cn
1.119.154.131,mail.andros.com.cn
1.119.176.196,asoneproduction.com
1.13.247.167,www.atzuche.com
1.119.143.46,mail.avicfund.cn
1.119.146.244,avicfund.cn
1.114.11.105,softbank001114011105.bbtec.net
1.112.101.24,softbank001112101024.bbtec.net
1.112.144.174,softbank001112144174.bbtec.net
1.115.184.243,softbank001115184243.bbtec.net
1.113.76.89,softbank001113076089.bbtec.net
1.115.185.160,softbank001115185160.bbtec.net
1.115.153.44,softbank001115153044.bbtec.net
1.112.101.208,softbank001112101208.bbtec.net
1.113.254.219,softbank001113254219.bbtec.net
1.112.122.144,softbank001112122144.bbtec.net
1.113.142.205,softbank001113142205.bbtec.net
1.114.108.207,softbank001114108207.bbtec.net
1.113.23.224,softbank001113023224.bbtec.net
1.115.188.139,softbank001115188139.bbtec.net
1.113.8.7,softbank001113008007.bbtec.net
1.115.203.167,softbank001115203167.bbtec.net
1.115.89.87,softbank001115089087.bbtec.net
1.112.116.239,softbank001112116239.bbtec.net
1.112.17.155,softbank001112017155.bbtec.net
1.113.207.201,softbank001113207201.bbtec.net
1.113.164.6,softbank001113164006.bbtec.net
1.113.169.9,softbank001113169009.bbtec.net
1.113.72.60,softbank001113072060.bbtec.net
1.113.144.100,softbank001113144100.bbtec.net
1.112.200.241,softbank001112200241.bbtec.net
1.114.229.18,softbank001114229018.bbtec.net
1.115.234.162,softbank001115234162.bbtec.net
1.113.0.166,softbank001113000166.bbtec.net
1.114.52.163,softbank001114052163.bbtec.net
1.115.235.38,softbank001115235038.bbtec.net
1.112.151.63,softbank001112151063.bbtec.net
1.112.185.14,softbank001112185014.bbtec.net
1.112.199.233,softbank001112199233.bbtec.net
1.115.219.53,softbank001115219053.bbtec.net
1.114.38.71,softbank001114038071.bbtec.net
1.113.101.16,softbank001113101016.bbtec.net
1.115.118.79,softbank001115118079.bbtec.net
1.112.208.144,softbank001112208144.bbtec.net
1.115.8.119,softbank001115008119.bbtec.net
1.113.214.95,softbank001113214095.bbtec.net
1.113.235.10,softbank001113235010.bbtec.net
1.114.116.200,softbank001114116200.bbtec.net
1.113.58.106,softbank001113058106.bbtec.net
1.114.34.139,softbank001114034139.bbtec.net
1.113.8.46,softbank001113008046.bbtec.net
1.115.168.18,softbank001115168018.bbtec.net
1.113.212.247,softbank001113212247.bbtec.net
1.113.39.206,softbank001113039206.bbtec.net
1.112.159.112,softbank001112159112.bbtec.net
1.114.132.35,softbank001114132035.bbtec.net
1.114.227.75,softbank001114227075.bbtec.net
1.115.234.147,softbank001115234147.bbtec.net
1.113.68.65,softbank001113068065.bbtec.net
1.115.28.235,softbank001115028235.bbtec.net
1.114.147.105,softbank001114147105.bbtec.net
1.113.2.21,softbank001113002021.bbtec.net
1.112.191.114,softbank001112191114.bbtec.net
1.114.217.117,softbank001114217117.bbtec.net
1.113.80.231,softbank001113080231.bbtec.net
1.112.122.157,softbank001112122157.bbtec.net
1.113.209.105,softbank001113209105.bbtec.net
1.115.203.37,softbank001115203037.bbtec.net
1.113.119.124,softbank001113119124.bbtec.net
1.114.207.160,softbank001114207160.bbtec.net
1.115.204.183,softbank001115204183.bbtec.net
1.113.35.112,softbank001113035112.bbtec.net
1.115.247.147,softbank001115247147.bbtec.net
1.112.128.26,softbank001112128026.bbtec.net
1.113.149.223,softbank001113149223.bbtec.net
1.113.254.145,softbank001113254145.bbtec.net
1.114.91.59,softbank001114091059.bbtec.net
1.113.9.148,softbank001113009148.bbtec.net
1.114.63.184,softbank001114063184.bbtec.net
1.115.92.76,softbank001115092076.bbtec.net
1.115.199.88,softbank001115199088.bbtec.net
1.112.195.181,softbank001112195181.bbtec.net
1.115.161.185,softbank001115161185.bbtec.net
1.113.246.90,softbank001113246090.bbtec.net
1.113.2.159,softbank001113002159.bbtec.net
1.112.55.149,softbank001112055149.bbtec.net
1.113.53.247,softbank001113053247.bbtec.net
1.112.223.15,softbank001112223015.bbtec.net
1.114.235.23,softbank001114235023.bbtec.net
1.112.78.12,softbank001112078012.bbtec.net
1.115.132.4,softbank001115132004.bbtec.net
1.113.209.209,softbank001113209209.bbtec.net
1.115.45.23,softbank001115045023.bbtec.net
1.113.224.189,softbank001113224189.bbtec.net
1.114.216.109,softbank001114216109.bbtec.net
