start_ip,end_ip,join_key,hosting,proxy,tor,vpn,relay,service
114.240.108.106,114.240.108.106,114.240.0.0,,,,true,,
104.249.154.218,104.249.154.218,104.249.0.0,,,,true,,
104.185.14.168,104.185.14.168,104.185.0.0,,,,true,,
113.106.77.158,113.106.77.158,113.106.0.0,,,,true,,
122.140.34.225,122.140.34.225,122.140.0.0,,,,true,,
114.161.10.192,114.161.10.192,114.161.0.0,true,,,true,,
110.0.126.49,110.0.126.49,110.0.0.0,,,,true,,
103.75.43.89,103.75.43.89,103.75.0.0,,,,true,,
118.232.37.184,118.232.37.184,118.232.0.0,,,,true,,
113.125.147.60,113.125.147.60,113.125.0.0,,,,true,,
123.25.115.154,123.25.115.155,123.25.0.0,,,,true,,
119.223.55.209,119.223.55.209,119.223.0.0,,,,true,,
106.75.106.14,106.75.106.14,106.75.0.0,,,,true,,
101.58.221.160,101.58.221.160,101.58.0.0,,,,true,,
115.221.254.79,115.221.254.79,115.221.0.0,,,,true,,
115.218.58.168,115.218.58.168,115.218.0.0,,,,true,,
103.139.3.122,103.139.3.178,103.139.0.0,true,,,,,
103.27.22.2,103.27.22.2,103.27.0.0,,,,true,,
12.191.207.130,12.191.207.130,12.191.0.0,,,,true,,
103.114.24.114,103.114.24.114,103.114.0.0,,,,true,,
121.89.240.118,121.89.241.13,121.89.0.0,true,,,,,
118.8.12.14,118.8.12.131,118.8.0.0,true,,,,,
115.219.36.10,115.219.36.10,115.219.0.0,,,,true,,
112.162.200.238,112.162.200.238,112.162.0.0,,,,true,,
117.141.149.192,117.141.149.207,117.141.0.0,,,,true,,
101.173.137.191,101.173.137.191,101.173.0.0,,,,true,,
109.73.35.207,109.73.35.217,109.73.0.0,true,,,,,
112.5.122.27,112.5.122.27,112.5.0.0,,,,true,,
103.3.77.204,103.3.77.204,103.3.0.0,,,,true,,
115.239.74.77,115.239.74.77,115.239.0.0,,,,true,,
114.162.68.242,114.162.68.242,114.162.0.0,true,,,true,,
114.160.1.55,114.160.1.71,114.160.0.0,true,,,,,
109.173.3.32,109.173.3.32,109.173.0.0,,,,true,,
105.22.41.26,105.22.41.26,105.22.0.0,,,,true,,
114.25.48.223,114.25.48.223,114.25.0.0,,,,true,,
115.229.204.18,115.229.204.18,115.229.0.0,,,,true,,
121.2.148.40,121.2.148.40,121.2.0.0,,,,true,,
12.5.211.78,12.5.211.78,12.5.0.0,,,,true,,
104.244.72.2,104.244.72.2,104.244.0.0,true,,,true,,
114.202.16.48,114.202.16.48,114.202.0.0,,,,true,,
122.31.0.60,122.31.0.60,122.31.0.0,true,,,true,,
103.150.96.160,103.150.96.160,103.150.0.0,true,,,true,,
122.117.158.79,122.117.158.79,122.117.0.0,,,,true,,
102.182.127.58,102.182.127.255,102.182.0.0,true,,,,,
1.190.210.225,1.190.210.225,1.190.0.0,,,,true,,
120.244.171.85,120.244.171.85,120.244.0.0,,,,true,,
108.191.90.8,108.191.90.8,108.191.0.0,,,,true,,
104.15.173.172,104.15.173.172,104.15.0.0,,,,true,,
1.1.196.85,1.1.196.85,1.1.0.0,,,,true,,
109.238.20.238,109.238.20.238,109.238.0.0,true,,,true,,
107.11.45.218,107.11.45.218,107.11.0.0,,,,true,,
123.11.160.109,123.11.160.109,123.11.0.0,,,,true,,
114.113.234.118,114.113.234.237,114.113.0.0,true,,,,,
109.173.104.218,109.173.104.218,109.173.0.0,,,,true,,
106.180.176.1,106.180.176.1,106.180.0.0,,,,true,,
116.235.135.250,116.235.135.250,116.235.0.0,,,,true,,
109.164.205.93,109.164.205.93,109.164.0.0,,,,true,,
121.168.228.187,121.168.228.187,121.168.0.0,,,,true,,
117.93.158.205,117.93.158.205,117.93.0.0,,,,true,,
116.30.4.126,116.30.4.126,116.30.0.0,,,,true,,
121.148.237.188,121.148.237.188,121.148.0.0,,,,true,,
116.124.4.46,116.124.4.46,116.124.0.0,,,,true,,
121.2.215.49,121.2.215.50,121.2.0.0,,,,true,,
109.56.58.227,109.56.58.227,109.56.0.0,,,,true,,
114.36.101.33,114.36.101.33,114.36.0.0,,,,true,,
117.247.188.218,117.247.188.218,117.247.0.0,,,,true,,
107.167.202.58,107.167.202.58,107.167.0.0,,,,true,,
119.225.128.186,119.225.128.186,119.225.0.0,,,,true,,
114.177.62.254,114.177.62.254,114.177.0.0,true,,,true,,
120.84.229.79,120.84.229.80,120.84.0.0,,,,true,,
106.13.233.6,106.13.233.6,106.13.0.0,,,,true,,
115.70.225.98,115.70.225.98,115.70.0.0,,,,true,,
118.163.83.175,118.163.83.183,118.163.0.0,,,,true,,
113.230.237.211,113.230.237.211,113.230.0.0,,,,true,,
116.58.93.44,116.58.93.44,116.58.0.0,,,,true,,
118.236.7.73,118.236.7.73,118.236.0.0,,,,true,,
110.82.250.184,110.82.250.185,110.82.0.0,,,,true,,
118.49.83.41,118.49.83.41,118.49.0.0,,,,true,,
109.75.46.211,109.75.46.211,109.75.0.0,,,,true,,
111.240.12.230,111.240.12.230,111.240.0.0,,,,true,,
122.202.215.148,122.202.215.148,122.202.0.0,,,,true,,
123.222.8.51,123.222.8.51,123.222.0.0,true,,,true,,
115.132.227.66,115.132.227.66,115.132.0.0,,,,true,,
103.166.32.90,103.166.32.91,103.166.0.0,true,,,true,,
122.210.125.118,122.210.125.118,122.210.0.0,,,,true,,
119.144.14.200,119.144.14.200,119.144.0.0,,,,true,,
120.151.56.15,120.151.56.15,120.151.0.0,,,,true,,
110.4.129.39,110.4.129.39,110.4.0.0,,,,true,,
12.235.145.42,12.235.145.42,12.235.0.0,,,,true,,
112.30.47.200,112.30.47.200,112.30.0.0,,,,true,,
123.202.68.143,123.202.68.143,123.202.0.0,,,,true,,
101.200.178.203,101.200.178.203,101.200.0.0,true,,,true,,
104.248.107.165,104.248.107.165,104.248.0.0,true,,,true,,
121.117.122.124,121.117.122.124,121.117.0.0,,,,true,,
1.102.148.104,1.102.148.104,1.102.0.0,,,,true,,
116.2.211.147,116.2.211.147,116.2.0.0,,,,true,,
109.170.95.245,109.170.95.245,109.170.0.0,,,,true,,
109.165.40.6,109.165.40.6,109.165.0.0,,,,true,,
106.51.54.40,106.51.54.40,106.51.0.0,,,,true,,
109.173.95.58,109.173.95.58,109.173.0.0,,,,true,,
